{
  "camera_matrix": [
    [
      5541.429113065208,
      0.0,
      1151.8610346602813
    ],
    [
      0.0,
      5527.480035461102,
      1153.6496573296474
    ],
    [
      0.0,
      0.0,
      1.0
    ]
  ],
  "distortion_coefficients": [
    [
      -0.07971191207795827,
      -0.3652271154385303,
      -0.0004244484227236755,
      -0.00502051490222314,
      12.411624903773333
    ]
  ],
  "image_width": 2600,
  "image_height": 1952,
  "inner_corners": [
    5,
    4
  ],
  "square_size_mm": 40.0,
  "num_images": 15,
  "reprojection_error": 0.18004475571731315
}