{
  "camera_matrix": [
    [
      250.40381655213935,
      0.0,
      45.16549508382848
    ],
    [
      0.0,
      249.83358340406133,
      57.006996887024556
    ],
    [
      0.0,
      0.0,
      1.0
    ]
  ],
  "distortion_coefficients": [
    [
      -4.122275169048054,
      135.2715087947691,
      -0.02676508098246648,
      0.07059859625735473,
      -2579.741739842936
    ]
  ],
  "image_width": 100,
  "image_height": 101,
  "inner_corners": [
    5,
    4
  ],
  "square_size_mm": 40.0,
  "num_images": 15,
  "reprojection_error": 0.050351516174481185
}