{
  "camera_matrix": [
    [
      179.44843807505805,
      0.0,
      51.29699935595004
    ],
    [
      0.0,
      174.50104847007978,
      70.56759454248763
    ],
    [
      0.0,
      0.0,
      1.0
    ]
  ],
  "distortion_coefficients": [
    [
      -1.793314787099295,
      17.933570990396433,
      -0.1128041872080137,
      -0.006975890933781143,
      -130.54525504789046
    ]
  ],
  "image_width": 101,
  "image_height": 100,
  "inner_corners": [
    5,
    4
  ],
  "square_size_mm": 40.0,
  "num_images": 15,
  "reprojection_error": 0.036555031565940935
}